,latitude (degrees_north),longitude (degrees_east),wd (degrees_true),wspd (m s-1),gst (m s-1),wvht (m),dpd (s),apd (s),mwd (degrees_true),bar (hPa),atmp (degree_C),wtmp (degree_C),dewp (degree_C),wspu (m s-1),wspv (m s-1),time (UTC),LHF [W/m2],SHF [W/m2]
3,29.212,-88.20700000000001,197.0,1.4,2.0,0.31,7.69,4.2,148.0,1014.7,30.0,30.2,25.4,0.4,1.3,2021-08-25 00:40:00+00:00,32.25333853753301,0.39441135999999855
9,29.212,-88.20700000000001,197.0,1.2,2.9,0.32,7.14,4.39,147.0,1015.0,30.0,30.1,25.4,0.4,1.1,2021-08-25 01:40:00+00:00,28.153577831348503,0.1763827200000025
15,29.212,-88.20700000000001,202.0,1.5,1.9,0.29,7.69,4.34,144.0,1015.2,30.0,30.2,25.4,0.6,1.4,2021-08-25 02:40:00+00:00,33.789034076501835,0.4133969999999985
21,29.212,-88.20700000000001,233.0,2.6,3.3,0.28,8.33,4.54,128.0,1015.1,29.9,30.2,25.0,2.1,1.6,2021-08-25 03:40:00+00:00,56.28238185680598,0.9625719480000023
27,29.212,-88.20700000000001,239.0,1.7,2.2,0.27,7.69,4.4,145.0,1015.6,29.9,30.4,24.8,1.5,0.9,2021-08-25 04:40:00+00:00,42.30674625181608,1.1192341
33,29.212,-88.20700000000001,243.0,0.9,1.8,0.29,8.33,4.66,147.0,1015.6,29.8,30.3,25.1,0.8,0.4,2021-08-25 05:40:00+00:00,24.783821865701018,0.7027748999999999
39,29.212,-88.20700000000001,164.0,6.5,7.8,0.28,7.14,4.49,149.0,1015.9,28.7,30.4,24.7,-1.8,6.2,2021-08-25 06:40:00+00:00,161.7572922606359,14.296263474999993
45,29.212,-88.20700000000001,219.0,3.3,4.6,0.28,7.14,3.91,145.0,1015.5,28.6,30.6,24.7,2.1,2.6,2021-08-25 07:40:00+00:00,82.31112635524003,8.215576379999996
87,29.212,-88.20700000000001,185.0,3.0,4.0,0.27,7.69,3.7,139.0,1017.2,29.3,30.2,25.0,0.3,3.0,2021-08-25 14:40:00+00:00,65.22437950082607,3.3485156999999943
93,29.212,-88.20700000000001,174.0,3.7,4.6,0.35,3.23,3.47,138.0,1017.1,29.4,30.4,24.6,-0.4,3.7,2021-08-25 15:40:00+00:00,90.11664053008218,4.62836219
99,29.212,-88.20700000000001,171.0,3.6,4.6,0.33,3.85,3.41,127.0,1017.3,29.3,30.3,25.2,-0.6,3.6,2021-08-25 16:40:00+00:00,77.94355064072938,4.49775936
105,29.212,-88.20700000000001,157.0,1.7,2.4,0.32,7.14,3.45,178.0,1016.9,29.6,30.4,25.3,-0.7,1.6,2021-08-25 17:40:00+00:00,38.98951668106794,1.7907745599999936
111,29.212,-88.20700000000001,281.0,1.1,2.9,0.3,6.25,3.52,173.0,1016.5,29.4,30.4,25.4,1.1,-0.2,2021-08-25 18:40:00+00:00,28.281719976914275,1.6505258
117,29.212,-88.20700000000001,127.0,5.7,7.5,0.34,3.23,3.3,233.0,1016.3,26.5,30.5,23.2,-4.6,3.4,2021-08-25 19:40:00+00:00,174.32106323042382,29.218899959999998
123,29.212,-88.20700000000001,109.0,7.2,8.8,0.29,5.88,3.52,151.0,1015.9,26.7,30.5,24.8,-6.8,2.3,2021-08-25 20:40:00+00:00,182.38553777471023,35.691043392000005
129,29.212,-88.20700000000001,174.0,5.8,7.1,0.38,3.23,3.11,137.0,1015.9,28.6,30.3,24.4,-0.6,5.8,2021-08-25 21:40:00+00:00,146.6496023000653,12.65098934799999
135,29.212,-88.20700000000001,143.0,4.7,5.4,0.37,2.74,2.94,145.0,1015.8,28.2,30.3,25.1,-2.8,3.8,2021-08-25 22:40:00+00:00,105.32321852758345,12.497588439000006
141,29.212,-88.20700000000001,171.0,4.8,5.7,0.31,5.88,3.25,213.0,1015.4,28.3,30.5,24.4,-0.8,4.7,2021-08-25 23:40:00+00:00,124.83945129155343,13.387448447999992
147,29.212,-88.20700000000001,162.0,5.1,6.3,0.35,3.57,3.26,141.0,1015.7,28.8,30.5,23.7,-1.6,4.9,2021-08-26 00:40:00+00:00,145.63614160673265,11.031223346999996
153,29.212,-88.20700000000001,144.0,5.3,6.4,0.48,3.45,3.29,137.0,1016.4,28.6,30.4,24.2,-3.1,4.3,2021-08-26 01:40:00+00:00,139.61338394263427,12.167376101999979
159,29.212,-88.20700000000001,160.0,5.3,6.8,0.54,4.17,3.41,120.0,1016.9,28.6,30.4,24.9,-1.8,5.0,2021-08-26 02:40:00+00:00,125.99810332270336,12.167376101999979
165,29.212,-88.20700000000001,152.0,5.7,7.2,0.61,4.17,3.52,115.0,1017.0,28.6,30.3,25.1,-2.7,5.0,2021-08-26 03:40:00+00:00,129.00069748893458,12.418032482999994
171,29.212,-88.20700000000001,145.0,4.6,5.6,0.55,4.35,3.42,118.0,1016.8,28.6,30.3,24.7,-2.6,3.8,2021-08-26 04:40:00+00:00,109.54319125249543,9.889864851999995
177,29.212,-88.20700000000001,128.0,4.1,5.8,0.55,4.35,3.62,118.0,1016.7,28.7,30.2,24.9,-3.2,2.5,2021-08-26 05:40:00+00:00,92.03368578750752,7.730753564999997
183,29.212,-88.20700000000001,126.0,4.5,5.7,0.65,4.76,3.66,116.0,1016.6,28.6,30.2,24.2,-3.6,2.6,2021-08-26 06:40:00+00:00,112.93226778561785,9.094733999999988
189,29.212,-88.20700000000001,135.0,4.2,5.5,0.72,4.76,3.94,115.0,1016.1,28.6,30.1,23.7,-3.0,3.0,2021-08-26 07:40:00+00:00,110.35781915700623,7.928954460000002
195,29.212,-88.20700000000001,122.0,5.1,6.3,0.72,5.56,4.1,127.0,1015.8,28.7,30.1,24.1,-4.3,2.7,2021-08-26 08:40:00+00:00,128.2993650565621,9.084536874000014
201,29.212,-88.20700000000001,120.0,5.4,7.0,0.73,4.76,4.04,127.0,1016.0,28.7,30.1,23.7,-4.7,2.7,2021-08-26 09:40:00+00:00,143.94775617966184,9.653646744000016
207,29.212,-88.20700000000001,114.0,4.9,6.3,0.67,5.26,4.05,138.0,1016.2,28.8,30.0,23.6,-4.5,2.0,2021-08-26 10:40:00+00:00,129.0840095714314,7.463377571999994
213,29.212,-88.20700000000001,115.0,6.0,7.2,0.72,5.26,3.92,139.0,1016.9,28.9,29.9,23.9,-5.4,2.5,2021-08-26 11:40:00+00:00,150.69940522223573,7.716744
219,29.212,-88.20700000000001,95.0,6.9,9.1,0.69,5.0,3.85,125.0,1017.4,29.2,29.9,23.8,-6.9,0.6,2021-08-26 12:40:00+00:00,177.44176842405793,6.278535836999994
225,29.212,-88.20700000000001,103.0,7.8,9.5,0.8,5.0,3.8,135.0,1017.6,29.2,29.9,24.6,-7.6,1.8,2021-08-26 13:40:00+00:00,179.63630858673625,7.172713547999992
231,29.212,-88.20700000000001,97.0,8.1,9.5,0.81,3.57,3.71,123.0,1017.7,29.2,30.0,24.1,-8.0,1.0,2021-08-26 14:40:00+00:00,206.39481340400567,8.542435608000005
237,29.212,-88.20700000000001,92.0,8.6,10.0,1.01,3.7,3.8,110.0,1017.7,29.4,30.0,24.7,-8.6,0.3,2021-08-26 15:40:00+00:00,200.88464844509807,6.841812216000016
243,29.212,-88.20700000000001,84.0,9.2,11.2,1.11,4.76,3.96,116.0,1017.6,29.3,30.1,24.8,-9.1,-1.0,2021-08-26 16:40:00+00:00,217.6460537845224,9.826477312000005
249,29.212,-88.20700000000001,84.0,8.5,10.0,1.18,5.0,4.06,116.0,1016.9,29.4,30.1,24.7,-8.5,-0.9,2021-08-26 17:40:00+00:00,202.82176238974816,7.880188925000031
255,29.212,-88.20700000000001,89.0,8.5,10.1,1.16,4.76,4.0,118.0,1016.3,29.7,30.2,25.2,-8.5,-0.1,2021-08-26 18:40:00+00:00,190.68906118367798,5.628706374999999
261,29.212,-88.20700000000001,87.0,9.2,11.2,1.22,5.26,3.99,128.0,1015.8,29.6,30.1,25.2,-9.2,-0.5,2021-08-26 19:40:00+00:00,203.45170146081833,6.141548319999997
267,29.212,-88.20700000000001,81.0,9.0,10.8,1.25,4.76,4.1,109.0,1015.7,29.8,30.1,24.2,-8.9,-1.4,2021-08-26 20:40:00+00:00,233.15431799636656,3.596553900000008
273,29.212,-88.20700000000001,89.0,8.5,10.2,1.23,5.26,4.01,109.0,1015.4,29.7,30.1,23.8,-8.5,-0.1,2021-08-26 21:40:00+00:00,231.60288982502263,4.502965100000023
279,29.212,-88.20700000000001,83.0,8.5,10.8,1.2,5.56,4.13,108.0,1015.3,29.5,30.2,24.7,-8.4,-1.0,2021-08-26 22:40:00+00:00,207.4716151860029,7.880188924999991
285,29.212,-88.20700000000001,86.0,8.7,10.3,1.36,5.26,4.26,106.0,1015.2,29.4,30.3,24.6,-8.7,-0.6,2021-08-26 23:40:00+00:00,220.75687107060145,10.394040771000023
291,29.212,-88.20700000000001,93.0,8.1,10.2,1.35,5.56,4.45,111.0,1015.8,29.4,30.2,24.0,-8.1,0.4,2021-08-27 00:40:00+00:00,217.95354099394805,8.542435608000005
297,29.212,-88.20700000000001,68.0,8.2,9.6,1.35,5.88,4.43,102.0,1015.8,28.9,30.1,23.7,-7.6,-3.1,2021-08-27 01:40:00+00:00,225.88693035235076,12.986912688000029
303,29.212,-88.20700000000001,72.0,8.7,10.3,1.21,5.88,4.26,102.0,1016.0,28.6,30.0,24.4,-8.3,-2.7,2021-08-27 02:40:00+00:00,214.11261117836432,16.16850786599998
309,29.212,-88.20700000000001,78.0,9.0,10.9,1.37,6.25,4.39,111.0,1015.6,28.9,30.0,24.7,-8.8,-1.9,2021-08-27 03:40:00+00:00,211.8941368634454,13.187364300000015
315,29.212,-88.20700000000001,79.0,8.7,10.4,1.4,6.25,4.29,101.0,1015.5,28.6,29.9,24.4,-8.5,-1.7,2021-08-27 04:40:00+00:00,209.7799499666489,15.013614446999966
321,29.212,-88.20700000000001,101.0,10.2,14.1,1.53,6.25,4.54,105.0,1015.0,26.9,29.8,24.3,-10.0,1.9,2021-08-27 05:40:00+00:00,249.3000523947257,39.85514544000002
327,29.212,-88.20700000000001,71.0,8.9,10.6,1.6,6.25,4.65,111.0,1014.2,27.9,29.7,23.6,-8.4,-2.9,2021-08-27 06:40:00+00:00,233.06385044007544,21.315024918000006
333,29.212,-88.20700000000001,84.0,6.9,8.9,1.6,6.25,4.77,97.0,1013.7,27.1,29.7,24.7,-6.9,-0.7,2021-08-27 07:40:00+00:00,149.1672797133483,23.320275965999983
339,29.212,-88.20700000000001,122.0,9.1,11.0,1.43,6.25,4.38,111.0,1012.8,27.7,29.6,24.2,-7.7,4.8,2021-08-27 08:40:00+00:00,214.45705452731502,23.057738249000018
345,29.212,-88.20700000000001,141.0,9.7,11.5,1.73,6.25,4.92,108.0,1012.9,28.0,29.7,24.3,-6.1,7.5,2021-08-27 09:40:00+00:00,231.25793717179852,22.142354802999986
351,29.212,-88.20700000000001,127.0,12.1,15.1,2.01,7.69,5.07,115.0,1013.3,27.5,29.7,24.8,-9.7,7.3,2021-08-27 10:40:00+00:00,266.2635315436266,35.86693615999999
357,29.212,-88.20700000000001,132.0,9.8,12.4,2.19,7.69,5.27,110.0,1014.3,27.3,29.8,24.1,-7.3,6.6,2021-08-27 11:40:00+00:00,246.36769959580005,32.935492100000005
363,29.212,-88.20700000000001,117.0,9.0,10.8,1.98,7.14,5.21,113.0,1014.1,27.3,29.8,24.3,-8.0,4.1,2021-08-27 12:40:00+00:00,217.4891280365346,29.971282499999994
369,29.212,-88.20700000000001,130.0,7.8,9.8,1.99,7.69,5.27,120.0,1015.0,27.9,29.8,24.0,-6.0,5.0,2021-08-27 13:40:00+00:00,194.11700024845416,19.46879391600002
375,29.212,-88.20700000000001,116.0,8.8,11.2,1.8,6.67,5.25,112.0,1016.0,25.8,29.7,23.3,-7.9,3.9,2021-08-27 14:40:00+00:00,240.0950614672936,45.61110153599998
381,29.212,-88.20700000000001,114.0,8.7,10.9,1.69,6.25,5.17,114.0,1016.3,25.9,29.7,23.7,-7.9,3.5,2021-08-27 15:40:00+00:00,224.48954989735142,43.885949922
387,29.212,-88.20700000000001,106.0,9.0,11.4,1.71,7.14,5.18,107.0,1015.8,25.9,29.6,22.7,-8.7,2.5,2021-08-27 16:40:00+00:00,260.5485292799545,44.35749810000002
393,29.212,-88.20700000000001,107.0,11.1,13.8,1.67,7.69,5.27,122.0,1016.8,26.1,29.6,23.7,-10.6,3.2,2021-08-27 17:40:00+00:00,284.8123061664464,52.34524679999999
399,29.212,-88.20700000000001,130.0,11.1,13.8,1.77,7.14,5.28,105.0,1016.2,26.6,29.5,24.1,-8.5,7.1,2021-08-27 18:40:00+00:00,262.5635371240176,43.371775919999976
405,29.212,-88.20700000000001,83.0,5.2,6.8,1.66,6.67,5.12,102.0,1015.7,26.0,29.5,22.9,-5.2,-0.6,2021-08-27 19:40:00+00:00,138.0084578868393,23.18452864
411,29.212,-88.20700000000001,64.0,4.8,6.0,1.53,6.67,5.22,118.0,1015.2,27.2,29.6,22.7,-4.3,-2.1,2021-08-27 20:40:00+00:00,132.07074036477212,14.60448921600001
417,29.212,-88.20700000000001,52.0,5.9,7.2,1.42,7.14,5.13,126.0,1015.1,27.4,29.7,23.8,-4.6,-3.6,2021-08-27 21:40:00+00:00,145.0205245715511,17.431925653000004
423,29.212,-88.20700000000001,55.0,5.8,7.5,1.46,7.14,5.26,139.0,1015.1,28.1,29.7,24.4,-4.8,-3.3,2021-08-27 22:40:00+00:00,129.6978254541769,11.90681350399998
429,29.212,-88.20700000000001,37.0,5.3,6.8,1.4,7.14,5.07,130.0,1015.0,28.2,29.8,25.5,-3.2,-4.2,2021-08-27 23:40:00+00:00,98.59727436317985,10.815445424000009
435,29.212,-88.20700000000001,77.0,7.4,9.2,1.54,6.67,5.03,114.0,1015.2,29.1,29.7,26.4,-7.2,-1.7,2021-08-28 00:40:00+00:00,110.17730893963981,5.8055637359999785
441,29.212,-88.20700000000001,99.0,8.3,10.2,1.64,7.69,4.91,145.0,1015.8,29.5,29.6,25.0,-8.2,1.3,2021-08-28 01:40:00+00:00,167.2114183298236,1.0967116190000155
447,29.212,-88.20700000000001,96.0,7.7,9.5,1.57,7.14,4.92,130.0,1016.2,29.4,29.6,25.0,-7.7,0.8,2021-08-28 02:40:00+00:00,154.027816640259,2.0207151580000287
453,29.212,-88.20700000000001,99.0,6.9,8.2,1.49,6.25,4.94,122.0,1016.0,29.4,29.5,24.1,-6.8,1.1,2021-08-28 03:40:00+00:00,156.53440401133324,0.8969336910000129
459,29.212,-88.20700000000001,96.0,5.7,7.0,1.51,7.69,5.23,147.0,1015.7,29.3,29.5,24.2,-5.7,0.6,2021-08-28 04:40:00+00:00,125.50006574974105,1.4609449979999947
465,29.212,-88.20700000000001,92.0,6.8,9.2,1.33,6.25,5.07,115.0,1015.3,29.1,29.5,25.2,-6.8,0.2,2021-08-28 05:40:00+00:00,126.29353375625269,3.531574015999988
471,29.212,-88.20700000000001,98.0,7.7,9.2,1.36,6.67,4.86,133.0,1014.7,29.1,29.5,24.0,-7.6,1.1,2021-08-28 06:40:00+00:00,179.50657620675875,4.041430315999986
477,29.212,-88.20700000000001,99.0,6.6,7.9,1.33,6.25,5.0,122.0,1014.7,29.1,29.5,24.3,-6.5,1.0,2021-08-28 07:40:00+00:00,144.67973119432753,3.419619983999987
483,29.212,-88.20700000000001,98.0,7.4,9.4,1.31,6.25,4.94,130.0,1014.4,28.9,29.5,25.3,-7.3,1.0,2021-08-28 08:40:00+00:00,135.73663580857436,5.805563736000012
489,29.212,-88.20700000000001,100.0,7.8,9.3,1.31,7.14,4.63,139.0,1014.4,28.8,29.6,25.1,-7.7,1.4,2021-08-28 09:40:00+00:00,153.73541772989194,8.197386912000006
495,29.212,-88.20700000000001,100.0,6.8,8.1,1.37,7.14,4.71,151.0,1014.7,28.9,29.5,25.1,-6.7,1.2,2021-08-28 10:40:00+00:00,129.0594561090652,5.297361024000013
501,29.212,-88.20700000000001,85.0,7.3,10.7,1.34,6.67,4.88,127.0,1015.1,28.9,29.6,25.3,-7.3,-0.6,2021-08-28 11:40:00+00:00,137.24321689589652,6.6738046130000255
507,29.212,-88.20700000000001,69.0,5.8,7.7,1.41,7.14,4.93,141.0,1015.6,28.6,29.6,25.5,-5.4,-2.1,2021-08-28 12:40:00+00:00,102.70752640500231,7.441758439999997
513,29.212,-88.20700000000001,41.0,9.7,15.0,1.31,7.69,4.85,148.0,1016.5,27.0,29.5,24.7,-6.4,-7.3,2021-08-28 13:40:00+00:00,206.23233117071592,32.56228647499999
519,29.212,-88.20700000000001,68.0,6.9,8.7,1.52,7.14,4.92,129.0,1016.7,25.5,29.5,24.3,-6.4,-2.6,2021-08-28 14:40:00+00:00,152.69906887481764,35.87734764
525,29.212,-88.20700000000001,82.0,6.3,7.8,1.33,5.88,4.9,100.0,1016.2,27.7,29.5,24.3,-6.2,-0.9,2021-08-28 15:40:00+00:00,137.85788177360013,14.636734182000003
531,29.212,-88.20700000000001,81.0,6.9,8.4,1.34,7.14,4.99,125.0,1015.9,28.8,29.5,25.6,-6.8,-1.1,2021-08-28 16:40:00+00:00,117.59211664706118,6.278535836999994
537,29.212,-88.20700000000001,55.0,6.5,8.1,1.38,6.25,5.18,115.0,1015.6,28.8,29.5,25.9,-5.3,-3.7,2021-08-28 17:40:00+00:00,102.58726255636441,5.886696724999994
543,29.212,-88.20700000000001,84.0,8.8,11.0,1.27,6.25,4.8,116.0,1015.4,29.6,29.6,25.5,-8.8,-0.9,2021-08-28 18:40:00+00:00,160.92819157678693,0.0
549,29.212,-88.20700000000001,82.0,9.5,11.2,1.48,6.25,4.77,110.0,1014.5,29.6,29.5,24.8,-9.4,-1.3,2021-08-28 19:40:00+00:00,196.8921966599348,-1.272726875000018
555,29.212,-88.20700000000001,76.0,10.0,12.2,1.77,6.25,4.95,118.0,1014.2,29.5,29.6,25.3,-9.7,-2.4,2021-08-28 20:40:00+00:00,193.7756001018719,1.347368000000019
561,29.212,-88.20700000000001,78.0,10.3,13.3,1.86,7.14,5.08,121.0,1013.5,29.5,29.6,25.7,-10.1,-2.1,2021-08-28 21:40:00+00:00,182.96096508570344,1.3877890400000197
567,29.212,-88.20700000000001,72.0,11.2,13.6,1.91,6.67,4.88,107.0,1013.1,29.5,29.6,25.8,-10.7,-3.5,2021-08-28 22:40:00+00:00,194.40792625030141,1.509052160000021
573,29.212,-88.20700000000001,89.0,13.3,17.0,2.33,7.14,5.13,119.0,1012.8,27.2,29.7,24.2,-13.3,-0.2,2021-08-28 23:40:00+00:00,323.8151187432103,44.799986000000004
579,29.212,-88.20700000000001,70.0,11.7,14.4,2.44,7.14,5.38,112.0,1012.4,29.0,29.5,23.9,-11.0,-4.0,2021-08-29 00:40:00+00:00,285.1791109920148,7.882102799999999
585,29.212,-88.20700000000001,55.0,12.9,16.4,2.72,7.14,5.6,110.0,1012.5,29.1,29.5,26.0,-10.6,-7.4,2021-08-29 01:40:00+00:00,207.0759716319665,6.952418879999974
591,29.212,-88.20700000000001,65.0,13.8,17.1,3.07,7.69,5.81,117.0,1012.8,28.6,29.6,25.4,-12.5,-5.8,2021-08-29 02:40:00+00:00,262.9425518660984,18.593678399999998
597,29.212,-88.20700000000001,83.0,14.0,17.7,3.77,12.9,6.82,127.0,1012.7,25.9,29.7,24.9,-13.9,-1.7,2021-08-29 03:40:00+00:00,303.90149026188743,71.67997760000002
603,29.212,-88.20700000000001,91.0,12.8,17.8,4.74,12.9,7.67,132.0,1011.3,27.8,29.7,25.1,-12.8,0.2,2021-08-29 04:40:00+00:00,266.83124335909235,32.76798975999997
609,29.212,-88.20700000000001,104.0,14.7,20.4,5.48,14.81,8.25,128.0,1010.3,25.7,29.7,25.1,-14.3,3.6,2021-08-29 05:40:00+00:00,308.35684241480953,79.2252384
615,29.212,-88.20700000000001,81.0,14.6,20.0,6.38,14.81,8.88,138.0,1009.0,27.3,29.7,25.5,-14.4,-2.3,2021-08-29 06:40:00+00:00,281.87325588386074,47.211774719999966
621,29.212,-88.20700000000001,91.0,17.2,21.9,6.89,13.79,8.89,141.0,1007.4,28.5,29.7,25.5,-17.2,0.3,2021-08-29 07:40:00+00:00,331.4351423182328,27.809675519999978
627,29.212,-88.20700000000001,103.0,18.4,24.5,7.35,13.79,9.13,137.0,1007.3,26.1,29.6,25.3,-17.9,4.1,2021-08-29 08:40:00+00:00,362.51973258210086,86.77049919999999
633,29.212,-88.20700000000001,123.0,19.1,25.7,7.61,12.12,8.84,145.0,1006.2,28.6,29.5,24.5,-16.0,10.4,2021-08-29 09:40:00+00:00,425.0045709551081,23.161255919999963
639,29.212,-88.20700000000001,131.0,20.3,28.1,7.23,13.79,8.62,153.0,1006.6,27.9,29.4,24.0,-15.3,13.3,2021-08-29 10:40:00+00:00,480.87502775263386,41.0273556
645,29.212,-88.20700000000001,137.0,19.8,25.2,8.26,12.12,9.25,154.0,1007.0,27.8,29.3,24.0,-13.5,14.5,2021-08-29 11:40:00+00:00,458.91739001414106,40.016829599999994
651,29.212,-88.20700000000001,146.0,19.6,26.4,8.27,12.12,8.98,162.0,1007.3,28.0,29.1,24.6,-11.0,16.2,2021-08-29 12:40:00+00:00,389.07323757953463,29.04925408000004
657,29.212,-88.20700000000001,147.0,18.8,25.8,7.8,10.81,8.93,167.0,1008.2,28.0,28.9,24.4,-10.2,15.8,2021-08-29 13:40:00+00:00,368.76396121974756,22.797466559999965
663,29.212,-88.20700000000001,149.0,15.9,21.1,7.24,11.43,8.53,178.0,1010.0,27.9,28.9,24.4,-8.2,13.6,2021-08-29 14:40:00+00:00,311.40076737290417,21.4231512
675,29.212,-88.20700000000001,134.0,15.3,20.0,7.05,11.43,8.87,175.0,1010.2,27.2,29.0,25.1,-11.0,10.6,2021-08-29 16:40:00+00:00,265.7343957856272,37.106514720000014
681,29.212,-88.20700000000001,153.0,13.4,17.5,5.5,11.43,7.83,190.0,1011.2,27.0,28.9,25.5,-6.1,11.9,2021-08-29 17:40:00+00:00,204.4321224498787,34.303989279999975
687,29.212,-88.20700000000001,139.0,16.5,21.4,6.13,10.0,8.13,191.0,1010.6,26.7,29.0,24.9,-10.8,12.5,2021-08-29 18:40:00+00:00,299.98728237383045,51.132615600000015
693,29.212,-88.20700000000001,133.0,14.6,18.9,4.65,10.0,7.47,187.0,1010.2,26.8,29.0,24.8,-10.7,10.0,2021-08-29 19:40:00+00:00,271.22521612004533,43.277460159999976
705,29.212,-88.20700000000001,137.0,14.7,18.8,5.12,10.81,8.1,186.0,1010.1,27.8,28.7,26.0,-10.0,10.8,2021-08-29 21:40:00+00:00,179.0813924403769,17.82567863999997
711,29.212,-88.20700000000001,149.0,13.1,17.2,5.44,10.81,8.12,195.0,1010.5,27.9,28.6,26.3,-6.7,11.2,2021-08-29 22:40:00+00:00,136.50732870594405,12.35536456000005
717,29.212,-88.20700000000001,159.0,13.6,20.3,4.78,10.0,7.92,179.0,1011.1,27.2,28.5,25.8,-4.9,12.7,2021-08-29 23:40:00+00:00,164.09598269112703,23.82146624000001
723,29.212,-88.20700000000001,153.0,14.1,16.7,4.94,10.0,7.9,180.0,1010.9,26.9,28.5,24.6,-6.4,12.6,2021-08-30 00:40:00+00:00,238.22792388873444,30.396622080000025
729,29.212,-88.20700000000001,154.0,12.0,15.8,5.02,10.0,7.97,176.0,1011.6,27.4,28.5,25.4,-5.3,10.8,2021-08-30 01:40:00+00:00,164.22328091505312,17.785257600000023
735,29.212,-88.20700000000001,156.0,12.4,15.5,4.57,10.81,7.71,179.0,1011.5,28.2,28.6,26.1,-5.0,11.3,2021-08-30 02:40:00+00:00,139.33683231854516,6.682945280000036
741,29.212,-88.20700000000001,150.0,12.5,16.5,4.3,10.81,7.53,189.0,1011.8,28.5,28.7,26.4,-6.2,10.8,2021-08-30 03:40:00+00:00,130.38838543150428,3.3684199999999875
747,29.212,-88.20700000000001,156.0,12.5,16.4,4.07,9.09,7.07,163.0,1011.8,28.4,28.8,26.5,-5.1,11.4,2021-08-30 04:40:00+00:00,131.2221015831219,6.7368400000000355
753,29.212,-88.20700000000001,155.0,12.9,16.7,3.94,10.0,7.17,180.0,1011.6,28.3,28.9,26.7,-5.5,11.7,2021-08-30 05:40:00+00:00,130.73755914707206,10.428628319999962
759,29.212,-88.20700000000001,150.0,13.3,16.5,4.8,10.0,7.53,186.0,1010.9,28.3,28.9,26.6,-6.7,11.5,2021-08-30 06:40:00+00:00,140.6396075949778,10.751996639999962
765,29.212,-88.20700000000001,157.0,14.2,18.5,3.87,9.09,6.8,182.0,1010.9,28.2,29.0,25.9,-5.5,13.1,2021-08-30 07:40:00+00:00,199.37773717060833,15.306100480000012
771,29.212,-88.20700000000001,157.0,11.9,17.5,3.98,9.09,6.93,193.0,1010.2,27.6,29.0,26.0,-4.6,11.0,2021-08-30 08:40:00+00:00,162.64901647369388,22.447150879999974
777,29.212,-88.20700000000001,167.0,12.8,16.4,4.06,9.09,6.75,183.0,1010.8,27.7,29.0,26.0,-2.9,12.5,2021-08-30 09:40:00+00:00,174.77101479143377,22.420203520000012
783,29.212,-88.20700000000001,185.0,11.0,15.5,3.3,8.33,6.21,190.0,1011.9,25.7,29.0,24.2,1.0,11.0,2021-08-30 10:40:00+00:00,230.05863845392665,48.909458400000005
789,29.212,-88.20700000000001,169.0,11.6,15.1,3.59,8.33,6.58,200.0,1011.0,27.3,29.0,25.3,-2.2,11.4,2021-08-30 11:40:00+00:00,191.9461418797132,26.570096959999987
795,29.212,-88.20700000000001,212.0,10.0,12.5,3.5,8.33,6.57,191.0,1012.0,26.6,28.9,25.2,5.3,8.5,2021-08-30 12:40:00+00:00,164.75513004129579,30.98946399999996
801,29.212,-88.20700000000001,170.0,11.0,14.7,3.14,8.33,6.2,199.0,1011.4,27.9,28.9,25.8,-1.9,10.8,2021-08-30 13:40:00+00:00,153.69288603713977,14.821048
807,29.212,-88.20700000000001,188.0,12.2,14.9,2.99,7.69,6.03,192.0,1011.6,27.4,28.9,25.4,1.7,12.1,2021-08-30 14:40:00+00:00,190.73705411148939,24.656834399999997
813,29.212,-88.20700000000001,184.0,13.2,17.6,2.64,7.69,5.82,193.0,1012.0,27.2,28.9,24.9,0.9,13.2,2021-08-30 15:40:00+00:00,232.79632695407582,30.234937919999982
819,29.212,-88.20700000000001,177.0,11.6,14.4,2.82,8.33,6.06,193.0,1011.5,27.1,28.9,24.1,-0.6,11.6,2021-08-30 16:40:00+00:00,240.5914700664514,28.133043839999953
825,29.212,-88.20700000000001,178.0,12.0,14.8,2.73,9.09,6.11,175.0,1011.2,28.0,28.9,25.2,-0.4,12.0,2021-08-30 17:40:00+00:00,196.96231945408587,14.551574399999977
831,29.212,-88.20700000000001,182.0,11.0,13.7,2.62,8.33,6.04,182.0,1011.1,27.8,28.9,25.8,0.4,11.0,2021-08-30 18:40:00+00:00,153.8021940874349,16.303152799999967
837,29.212,-88.20700000000001,204.0,10.3,12.7,2.58,8.33,6.04,188.0,1010.9,26.5,28.9,24.9,4.2,9.4,2021-08-30 19:40:00+00:00,182.22531599390913,33.30693695999998
843,29.212,-88.20700000000001,235.0,7.5,9.8,2.46,7.14,6.1,199.0,1010.0,26.0,28.9,25.3,6.1,4.3,2021-08-30 20:40:00+00:00,117.5934536989753,28.472718374999985
849,29.212,-88.20700000000001,198.0,12.1,16.7,2.77,8.33,6.24,188.0,1009.8,25.7,28.8,24.7,3.7,11.5,2021-08-30 21:40:00+00:00,218.34058266522325,50.539773680000025
855,29.212,-88.20700000000001,195.0,12.7,16.1,2.63,9.09,6.33,198.0,1009.6,26.5,28.9,24.8,3.3,12.3,2021-08-30 22:40:00+00:00,229.9840158385992,41.06777663999997
861,29.212,-88.20700000000001,187.0,12.1,15.3,2.88,8.33,6.32,186.0,1009.5,27.1,28.9,24.5,1.5,12.0,2021-08-30 23:40:00+00:00,232.92865676551833,29.345675039999954
867,29.212,-88.20700000000001,196.0,12.6,15.8,2.78,8.33,6.21,194.0,1009.9,27.2,28.9,24.5,3.5,12.1,2021-08-31 00:40:00+00:00,242.39147180466222,28.860622559999985
873,29.212,-88.20700000000001,192.0,12.6,15.3,3.0,8.33,6.34,202.0,1010.2,27.4,28.9,25.7,2.6,12.3,2021-08-31 01:40:00+00:00,181.8212311003,25.465255199999994
879,29.212,-88.20700000000001,191.0,10.8,13.3,2.89,8.33,6.37,208.0,1010.1,27.4,28.9,25.7,2.1,10.6,2021-08-31 02:40:00+00:00,155.86247359418982,21.8273616
885,29.212,-88.20700000000001,196.0,11.0,14.4,2.44,8.33,5.78,212.0,1009.8,27.9,28.9,25.5,3.0,10.6,2021-08-31 03:40:00+00:00,167.50708917586778,14.821048
891,29.212,-88.20700000000001,194.0,10.6,14.0,2.73,8.33,6.26,208.0,1010.0,28.1,28.8,26.0,2.6,10.3,2021-08-31 04:40:00+00:00,134.14743429742902,9.99747055999999
897,29.212,-88.20700000000001,198.0,10.7,13.4,2.56,8.33,5.96,223.0,1009.8,28.6,28.8,25.8,3.3,10.2,2021-08-31 05:40:00+00:00,144.03943929913336,2.883367519999989
903,29.212,-88.20700000000001,202.0,10.2,12.9,2.34,7.69,5.6,200.0,1009.4,28.6,28.8,26.6,3.8,9.5,2021-08-31 06:40:00+00:00,102.81183064127724,2.7486307199999898
909,29.212,-88.20700000000001,200.0,9.4,12.4,2.34,7.69,5.67,221.0,1009.0,28.3,28.8,26.6,3.2,8.8,2021-08-31 07:40:00+00:00,94.31384960011978,6.289452580000001
915,29.212,-88.20700000000001,215.0,10.4,13.2,2.16,7.14,5.44,203.0,1008.2,28.8,28.8,26.5,6.0,8.5,2021-08-31 08:40:00+00:00,109.31296036641345,0.0
921,29.212,-88.20700000000001,224.0,10.4,13.2,2.1,7.14,5.37,211.0,1008.6,28.8,28.8,26.5,7.2,7.5,2021-08-31 09:40:00+00:00,109.26910507718881,0.0
927,29.212,-88.20700000000001,223.0,10.2,12.9,2.2,7.14,5.47,214.0,1008.8,28.8,28.8,26.5,7.0,7.5,2021-08-31 10:40:00+00:00,107.14628315805687,0.0
933,29.212,-88.20700000000001,223.0,9.4,12.0,1.96,6.67,5.12,193.0,1008.9,28.8,28.8,26.8,6.4,6.9,2021-08-31 11:40:00+00:00,85.91429021599447,0.0
939,29.212,-88.20700000000001,221.0,9.8,12.1,2.06,6.67,5.27,198.0,1009.3,28.7,28.8,26.6,6.4,7.4,2021-08-31 12:40:00+00:00,98.50410225341909,1.3174196840000187
945,29.212,-88.20700000000001,204.0,11.7,18.0,2.11,6.67,5.13,194.0,1009.5,26.0,28.7,25.1,4.8,10.7,2021-08-31 13:40:00+00:00,186.8063905276903,42.56335511999998
951,29.212,-88.20700000000001,252.0,9.2,11.8,2.22,7.14,5.24,204.0,1010.3,25.6,28.7,24.9,8.7,2.8,2021-08-31 14:40:00+00:00,152.848675792285,38.077599583999955
957,29.212,-88.20700000000001,228.0,8.2,11.2,2.24,6.25,5.53,197.0,1011.2,27.3,28.4,24.8,6.1,5.5,2021-08-31 15:40:00+00:00,125.36630816595921,11.904669963999975
963,29.212,-88.20700000000001,246.0,7.9,10.2,2.12,7.69,5.57,212.0,1011.6,24.4,28.3,23.9,7.2,3.2,2021-08-31 16:40:00+00:00,144.2608711077958,40.521771069000025
969,29.212,-88.20700000000001,217.0,8.3,10.7,2.01,7.14,5.65,192.0,1011.4,25.8,28.3,24.3,5.0,6.6,2021-08-31 17:40:00+00:00,139.4883397730129,27.417790474999997
975,29.212,-88.20700000000001,226.0,8.7,10.6,1.75,7.14,5.43,207.0,1010.2,27.0,28.4,24.8,6.3,6.0,2021-08-31 18:40:00+00:00,134.05080184076806,16.16850786599998
981,29.212,-88.20700000000001,222.0,8.0,10.1,1.64,7.14,5.37,204.0,1009.8,27.6,28.5,24.9,5.4,5.9,2021-08-31 19:40:00+00:00,122.75640798167312,9.480571199999984
987,29.212,-88.20700000000001,226.0,7.6,9.1,1.57,7.14,5.34,202.0,1009.1,27.8,28.6,24.9,5.5,5.3,2021-08-31 20:40:00+00:00,119.66070546170347,7.968579328000007
993,29.212,-88.20700000000001,220.0,8.2,10.4,1.57,7.14,5.48,202.0,1009.5,28.1,28.6,25.6,5.3,6.3,2021-08-31 21:40:00+00:00,107.17734539877708,5.411213619999999
999,29.212,-88.20700000000001,209.0,8.3,10.1,1.55,7.14,5.35,200.0,1009.5,28.0,28.6,25.3,4.0,7.3,2021-08-31 22:40:00+00:00,118.59597557435632,6.580269714000015
1005,29.212,-88.20700000000001,218.0,7.9,9.7,1.55,7.14,5.32,186.0,1009.6,28.1,28.6,25.3,4.9,6.2,2021-08-31 23:40:00+00:00,112.30260769576722,5.195098855
1011,29.212,-88.20700000000001,224.0,8.5,10.4,1.63,6.67,5.26,198.0,1009.6,27.9,28.6,25.7,5.9,6.1,2021-09-01 00:40:00+00:00,108.13389153433758,7.880188925000031
1017,29.212,-88.20700000000001,222.0,8.1,9.7,1.56,6.25,5.22,195.0,1010.0,27.9,28.5,25.8,5.4,6.0,2021-09-01 01:40:00+00:00,95.41580900780339,6.406826706000014
1023,29.212,-88.20700000000001,222.0,7.9,9.5,1.45,7.14,5.21,197.0,1010.1,28.2,28.5,25.2,5.3,5.9,2021-09-01 02:40:00+00:00,111.57408718103133,3.1170593130000075
1029,29.212,-88.20700000000001,224.0,8.5,10.6,1.51,6.67,5.04,215.0,1010.0,28.2,28.5,25.4,5.9,6.1,2021-09-01 03:40:00+00:00,114.15240342068688,3.3772238250000077
1035,29.212,-88.20700000000001,230.0,8.8,10.7,1.47,6.25,4.91,203.0,1010.3,28.1,28.5,25.7,6.7,5.7,2021-09-01 04:40:00+00:00,107.95843381364081,4.678061695999983
1041,29.212,-88.20700000000001,231.0,7.7,9.6,1.66,6.25,5.02,199.0,1010.5,28.2,28.5,26.0,6.0,4.8,2021-09-01 05:40:00+00:00,83.86371453084313,3.0310727370000072
1047,29.212,-88.20700000000001,237.0,7.5,9.6,1.61,6.25,5.02,197.0,1010.1,28.2,28.4,26.1,6.3,4.1,2021-09-01 06:40:00+00:00,74.95966794449123,1.963635749999993
1053,29.212,-88.20700000000001,243.0,7.1,8.8,1.63,6.67,4.96,177.0,1010.2,28.2,28.4,26.3,6.3,3.2,2021-09-01 07:40:00+00:00,64.8151397495148,1.8502118619999932
1059,29.212,-88.20700000000001,248.0,7.4,9.2,1.48,6.25,4.78,186.0,1010.5,28.2,28.4,25.9,6.9,2.8,2021-09-01 08:40:00+00:00,79.85414832504334,1.9351879119999926
1065,29.212,-88.20700000000001,255.0,6.5,8.2,1.43,6.67,4.92,162.0,1010.7,28.3,28.4,26.2,6.3,1.7,2021-09-01 09:40:00+00:00,61.49774412154306,0.8409566749999821
1071,29.212,-88.20700000000001,263.0,6.8,8.1,1.51,6.67,5.11,171.0,1010.6,28.2,28.4,26.1,6.7,0.8,2021-09-01 10:40:00+00:00,67.37324275162052,1.765787007999994
1077,29.212,-88.20700000000001,264.0,7.0,8.4,1.29,6.67,4.89,168.0,1010.8,28.2,28.4,25.8,7.0,0.7,2021-09-01 11:40:00+00:00,77.96785121669508,1.8220089999999933
1083,29.212,-88.20700000000001,278.0,6.7,8.4,1.25,6.67,4.79,171.0,1011.3,28.4,28.4,26.1,6.6,-0.9,2021-09-01 12:40:00+00:00,66.18088942452637,0.0
1089,29.212,-88.20700000000001,277.0,6.1,7.4,1.14,6.67,4.82,173.0,1011.7,28.4,28.4,26.2,6.1,-0.7,2021-09-01 13:40:00+00:00,57.347632257293064,0.0
1095,29.212,-88.20700000000001,238.0,5.9,8.2,1.19,5.88,4.78,191.0,1012.0,26.2,28.4,23.7,5.0,3.1,2021-09-01 14:40:00+00:00,111.6060963232608,16.674015841999992
1101,29.212,-88.20700000000001,288.0,5.6,6.8,1.11,5.88,4.92,190.0,1012.0,28.0,28.5,24.6,5.3,-1.7,2021-09-01 15:40:00+00:00,89.47994990339144,3.5839988799999993
1107,29.212,-88.20700000000001,243.0,5.7,7.1,0.99,6.25,4.69,196.0,1012.5,28.0,28.5,25.5,5.1,2.6,2021-09-01 16:40:00+00:00,71.7473388759644,3.6523624949999998
1113,29.212,-88.20700000000001,212.0,6.1,7.2,0.93,6.25,4.59,193.0,1012.8,27.9,28.6,25.6,3.2,5.2,2021-09-01 17:40:00+00:00,77.5964547690194,5.498287277000022
1119,29.212,-88.20700000000001,206.0,8.5,10.3,1.03,6.67,4.63,183.0,1012.3,27.3,28.8,25.1,3.7,7.6,2021-09-01 18:40:00+00:00,136.54168024754534,16.886119124999997
1125,29.212,-88.20700000000001,229.0,9.6,11.6,1.31,6.25,4.83,185.0,1012.2,27.2,28.8,25.1,7.2,6.3,2021-09-01 19:40:00+00:00,156.23938067870944,20.601501696000014
1131,29.212,-88.20700000000001,239.0,7.2,9.0,1.35,6.25,4.92,196.0,1011.6,26.8,28.7,24.9,6.2,3.7,2021-09-01 20:40:00+00:00,116.30556778600628,17.845521695999988
1137,29.212,-88.20700000000001,241.0,5.5,7.1,1.23,5.88,4.77,194.0,1011.6,26.3,28.6,24.4,4.8,2.7,2021-09-01 21:40:00+00:00,94.82039632089676,16.172626525000002
1143,29.212,-88.20700000000001,239.0,6.6,8.0,1.06,6.67,4.54,210.0,1010.9,26.6,28.6,24.3,5.7,3.4,2021-09-01 22:40:00+00:00,117.70338224696751,17.098099919999996
1149,29.212,-88.20700000000001,229.0,5.4,7.1,0.92,5.56,4.43,206.0,1011.4,27.6,28.6,23.8,4.1,3.5,2021-09-01 23:40:00+00:00,104.28984576992457,6.8954619600000004
1155,29.212,-88.20700000000001,232.0,6.3,7.6,0.86,6.67,4.34,184.0,1011.8,27.8,28.6,24.4,5.0,3.9,2021-09-02 00:40:00+00:00,109.17317577887562,6.505215192000004
1161,29.212,-88.20700000000001,227.0,6.8,8.2,0.85,6.67,4.19,171.0,1011.7,27.7,28.5,24.2,5.0,4.6,2021-09-02 01:40:00+00:00,120.42653134561172,7.063148032000007
1167,29.212,-88.20700000000001,229.0,5.7,7.0,0.84,5.88,4.1,183.0,1011.7,27.7,28.5,25.1,4.3,3.7,2021-09-02 02:40:00+00:00,80.63293358701222,5.843779992000004
1173,29.212,-88.20700000000001,254.0,5.4,6.8,0.85,5.88,4.31,172.0,1012.3,27.7,28.5,25.1,5.2,1.5,2021-09-02 03:40:00+00:00,76.06953790271744,5.516369568000005
1179,29.212,-88.20700000000001,274.0,5.0,5.8,0.89,6.25,4.39,179.0,1012.4,28.0,28.5,25.0,5.0,-0.3,2021-09-02 04:40:00+00:00,71.88688922017978,3.1770325
1185,29.212,-88.20700000000001,271.0,5.4,6.4,0.84,5.56,4.36,176.0,1012.1,27.9,28.4,26.0,5.4,-0.1,2021-09-02 05:40:00+00:00,54.77330154785012,3.4477309800000002
1191,29.212,-88.20700000000001,277.0,5.1,6.0,0.89,5.88,4.44,179.0,1011.5,27.8,28.4,25.9,5.1,-0.6,2021-09-02 06:40:00+00:00,53.610510149326885,3.893372945999986
1197,29.212,-88.20700000000001,270.0,5.6,6.9,0.85,5.26,4.31,191.0,1011.3,27.8,28.4,26.2,5.6,0.0,2021-09-02 07:40:00+00:00,52.544322972076536,4.300798655999984
1203,29.212,-88.20700000000001,258.0,6.4,7.7,0.93,5.56,4.29,173.0,1011.4,27.7,28.3,26.0,6.3,1.3,2021-09-02 08:40:00+00:00,62.87496745766301,4.962233856000011
1209,29.212,-88.20700000000001,262.0,6.9,8.6,0.92,5.88,4.17,160.0,1011.8,27.8,28.3,25.7,6.8,1.0,2021-09-02 09:40:00+00:00,76.40159938631957,4.484668455
1215,29.212,-88.20700000000001,256.0,6.9,8.5,0.96,5.56,4.21,175.0,1012.4,27.8,28.3,25.8,6.7,1.7,2021-09-02 10:40:00+00:00,73.61209271631387,4.484668455
1221,29.212,-88.20700000000001,277.0,6.2,7.4,0.96,5.88,4.33,178.0,1013.4,27.9,28.2,25.2,6.2,-0.8,2021-09-02 11:40:00+00:00,77.14935420307629,2.3978863320000054
1227,29.212,-88.20700000000001,280.0,5.8,7.0,0.93,5.88,4.23,184.0,1013.3,27.9,28.2,25.4,5.7,-1.0,2021-09-02 12:40:00+00:00,67.39240648682453,2.2325275320000046
1233,29.212,-88.20700000000001,270.0,5.3,6.5,0.87,5.56,4.24,187.0,1013.7,28.0,28.2,25.5,5.3,0.0,2021-09-02 13:40:00+00:00,59.12934415668109,1.3519306779999951
1239,29.212,-88.20700000000001,288.0,6.0,7.0,0.93,5.88,4.42,193.0,1014.1,28.0,28.3,25.8,5.7,-1.9,2021-09-02 14:40:00+00:00,63.15898493048403,2.3150232000000055
1245,29.212,-88.20700000000001,279.0,4.9,6.1,0.92,6.25,4.53,198.0,1014.2,28.1,28.4,25.9,4.8,-0.8,2021-09-02 15:40:00+00:00,51.16575676157889,1.865844392999982
1251,29.212,-88.20700000000001,266.0,5.2,6.0,0.94,6.25,4.51,190.0,1014.4,28.2,28.5,26.0,5.2,0.4,2021-09-02 16:40:00+00:00,54.768987301003044,1.9872453120000046
1257,29.212,-88.20700000000001,266.0,5.2,6.3,0.85,6.25,4.37,193.0,1014.3,28.3,28.7,26.0,5.2,0.4,2021-09-02 17:40:00+00:00,59.49828811979274,2.649660415999991
1263,29.212,-88.20700000000001,263.0,5.5,6.5,0.78,6.25,4.24,199.0,1013.9,28.5,28.7,26.0,5.5,0.7,2021-09-02 18:40:00+00:00,63.12125929923873,1.4063153499999947
1269,29.212,-88.20700000000001,265.0,5.7,7.1,0.74,6.67,4.15,193.0,1013.5,28.8,28.8,25.6,5.7,0.5,2021-09-02 19:40:00+00:00,77.10386273988433,0.0
1275,29.212,-88.20700000000001,235.0,5.8,7.2,0.76,6.25,4.08,198.0,1012.5,28.6,28.8,25.9,4.8,3.3,2021-09-02 20:40:00+00:00,71.86082457948187,1.4883516879999943
1281,29.212,-88.20700000000001,255.0,6.9,8.6,0.8,6.25,3.84,193.0,1012.6,27.9,28.8,24.2,6.7,1.8,2021-09-02 21:40:00+00:00,131.8574811006624,8.07240321900002
1287,29.212,-88.20700000000001,270.0,5.1,6.4,0.8,4.76,4.1,230.0,1013.0,28.3,28.8,24.2,5.1,0.0,2021-09-02 22:40:00+00:00,95.25427668949096,3.244477455
1293,29.212,-88.20700000000001,253.0,4.5,5.8,0.82,5.0,4.12,225.0,1012.8,28.7,28.8,24.0,4.3,1.3,2021-09-02 23:40:00+00:00,86.55900588011754,0.568420875000008
1299,29.212,-88.20700000000001,250.0,5.2,6.3,0.82,5.56,4.25,197.0,1012.8,28.4,28.8,26.1,4.9,1.8,2021-09-03 00:40:00+00:00,59.89902907112089,2.6496604160000143
1305,29.212,-88.20700000000001,261.0,6.3,7.4,0.83,5.88,4.27,165.0,1013.1,28.6,28.7,26.3,6.2,1.0,2021-09-03 01:40:00+00:00,65.3996352588763,0.8131518989999825
1311,29.212,-88.20700000000001,264.0,6.6,7.9,0.84,5.26,4.16,187.0,1013.6,28.6,28.7,26.3,6.6,0.7,2021-09-03 02:40:00+00:00,68.72340069962104,0.8549049959999816
1317,29.212,-88.20700000000001,281.0,5.5,7.1,0.84,5.26,4.07,179.0,1014.0,28.6,28.7,26.3,5.4,-1.0,2021-09-03 03:40:00+00:00,56.50229649354691,0.7031576749999849
1323,29.212,-88.20700000000001,282.0,5.1,6.1,0.79,4.76,4.13,194.0,1013.9,28.4,28.6,26.7,5.0,-1.1,2021-09-03 04:40:00+00:00,41.625399942637486,1.2977909820000184
1329,29.212,-88.20700000000001,285.0,3.9,4.6,0.7,4.76,4.05,202.0,1013.5,28.5,28.6,26.4,3.8,-1.0,2021-09-03 05:40:00+00:00,36.03649164336783,0.48904865100000694
1335,29.212,-88.20700000000001,276.0,3.9,4.7,0.7,5.26,4.13,193.0,1013.3,28.4,28.6,26.5,3.9,-0.4,2021-09-03 06:40:00+00:00,34.515319608640375,0.9780973020000139
1341,29.212,-88.20700000000001,261.0,4.0,5.3,0.61,5.26,4.02,187.0,1013.2,28.3,28.5,26.6,4.0,0.6,2021-09-03 07:40:00+00:00,32.0705124978452,1.0044015999999962
1347,29.212,-88.20700000000001,316.0,3.4,4.5,0.61,4.76,4.09,201.0,1013.3,28.2,28.6,25.7,2.4,-2.4,2021-09-03 08:40:00+00:00,40.49856198432759,1.694988944000009
1353,29.212,-88.20700000000001,37.0,2.6,3.3,0.59,5.56,4.13,187.0,1013.5,28.0,28.6,25.8,-1.6,-2.1,2021-09-03 09:40:00+00:00,29.7057538779238,1.9251438960000047
1359,29.212,-88.20700000000001,64.0,1.4,2.3,0.55,5.0,4.1,198.0,1013.8,28.0,28.6,25.4,-1.3,-0.6,2021-09-03 10:40:00+00:00,20.643594707158286,1.1832340800000025
1365,29.212,-88.20700000000001,44.0,1.5,1.9,0.49,5.56,4.1,206.0,1014.4,27.9,28.5,24.9,-1.0,-1.1,2021-09-03 11:40:00+00:00,23.951878658159927,1.240191000000003
1371,29.212,-88.20700000000001,63.0,1.6,2.0,0.46,5.26,4.2,191.0,1014.8,28.3,28.5,24.7,-1.4,-0.7,2021-09-03 12:40:00+00:00,26.18879416238097,0.43115775999999845
1377,29.212,-88.20700000000001,37.0,1.7,2.2,0.52,6.25,4.33,210.0,1015.4,28.4,28.5,24.8,-1.0,-1.4,2021-09-03 13:40:00+00:00,26.51951290184767,0.22384682000000317
1383,29.212,-88.20700000000001,39.0,1.2,1.8,0.54,5.26,4.3,195.0,1015.7,28.7,28.5,24.8,-0.8,-0.9,2021-09-03 14:40:00+00:00,20.86838628886855,-0.3527654399999987
1389,29.212,-88.20700000000001,39.0,1.4,2.2,0.55,5.26,4.3,209.0,1015.9,28.8,28.5,24.5,-0.9,-1.1,2021-09-03 15:40:00+00:00,25.023610301934507,-0.5916170400000013
1395,29.212,-88.20700000000001,48.0,0.7,1.9,0.53,5.0,4.2,207.0,1015.9,29.0,28.6,24.3,-0.5,-0.5,2021-09-03 16:40:00+00:00,15.458474874928283,-0.4544304799999983
1401,29.212,-88.20700000000001,12.0,1.4,2.3,0.59,5.88,4.24,224.0,1015.8,28.8,28.7,24.4,-0.3,-1.4,2021-09-03 17:40:00+00:00,27.00113866859975,-0.19720568000000277
1407,29.212,-88.20700000000001,9.0,1.8,3.0,0.56,6.25,4.34,217.0,1015.4,28.7,28.9,24.5,-0.3,-1.8,2021-09-03 18:40:00+00:00,32.73531515849519,0.4630046399999984
1413,29.212,-88.20700000000001,352.0,2.4,3.1,0.56,5.56,4.26,226.0,1014.8,28.7,29.0,24.2,0.3,-2.4,2021-09-03 19:40:00+00:00,45.39657049368256,0.8863231680000018
1419,29.212,-88.20700000000001,350.0,3.3,4.4,0.56,5.88,4.3,217.0,1014.4,28.8,29.1,24.5,0.6,-3.2,2021-09-03 20:40:00+00:00,61.136114179193854,1.2323364570000024
1425,29.212,-88.20700000000001,14.0,3.4,4.5,0.5,5.56,4.34,213.0,1014.2,28.9,29.4,23.5,-0.8,-3.3,2021-09-03 21:40:00+00:00,79.60070617743398,2.11873618
1431,29.212,-88.20700000000001,11.0,3.3,4.1,0.49,5.26,4.32,208.0,1014.2,29.1,29.7,23.3,-0.6,-3.2,2021-09-03 22:40:00+00:00,83.99935451820028,2.46467291399999
1437,29.212,-88.20700000000001,4.0,2.6,3.6,0.43,5.56,4.22,222.0,1013.9,29.0,29.7,22.7,-0.2,-2.6,2021-09-03 23:40:00+00:00,70.73941241767993,2.2460012119999977
1443,29.212,-88.20700000000001,12.0,1.8,2.3,0.41,5.56,4.23,228.0,1013.9,28.8,29.8,22.4,-0.4,-1.8,2021-09-04 00:40:00+00:00,53.733219278792994,2.3150232
1449,29.212,-88.20700000000001,32.0,1.3,2.2,0.39,5.56,4.42,215.0,1014.9,28.7,29.7,22.3,-0.7,-1.1,2021-09-04 01:40:00+00:00,43.15613793990876,1.8710042
1455,29.212,-88.20700000000001,347.0,0.9,1.4,0.38,5.56,4.39,198.0,1015.0,28.6,29.8,22.4,0.2,-0.9,2021-09-04 02:40:00+00:00,32.59796709215958,1.6866597599999986
1461,29.212,-88.20700000000001,14.0,0.5,1.1,0.37,5.56,4.5,211.0,1015.0,28.6,29.6,22.6,-0.1,-0.5,2021-09-04 03:40:00+00:00,18.457453509463598,0.8421049999999999
1467,29.212,-88.20700000000001,336.0,0.0,0.4,0.33,5.56,4.3,192.0,1014.8,28.4,29.8,22.5,0.0,0.0,2021-09-04 04:40:00+00:00,0.0,0.0
1473,29.212,-88.20700000000001,25.0,0.6,1.1,0.32,5.56,4.3,185.0,1014.4,28.4,29.8,22.6,-0.3,-0.5,2021-09-04 05:40:00+00:00,22.520238623878484,1.3890139200000018
1479,29.212,-88.20700000000001,24.0,1.1,1.6,0.31,6.25,4.38,210.0,1013.9,28.3,29.7,22.7,-0.4,-1.0,2021-09-04 06:40:00+00:00,36.431318609003554,2.310736119999998
1485,29.212,-88.20700000000001,47.0,1.0,1.8,0.31,5.88,4.42,218.0,1013.6,28.3,29.6,22.9,-0.7,-0.7,2021-09-04 07:40:00+00:00,32.42307670001323,1.990430000000001
1491,29.212,-88.20700000000001,345.0,1.0,2.4,0.33,5.56,4.61,204.0,1014.0,28.2,29.4,23.0,0.3,-1.0,2021-09-04 08:40:00+00:00,30.860035328566635,1.8373199999999987
1497,29.212,-88.20700000000001,319.0,2.1,2.8,0.32,5.26,4.64,189.0,1014.0,28.2,29.3,23.1,1.4,-1.6,2021-09-04 09:40:00+00:00,50.265566530029034,2.833009641000003
1503,29.212,-88.20700000000001,298.0,3.1,3.9,0.36,5.56,4.86,209.0,1014.2,28.2,29.3,23.2,2.7,-1.5,2021-09-04 10:40:00+00:00,74.0868765539385,4.234272361000005
1509,29.212,-88.20700000000001,297.0,3.7,4.4,0.35,5.26,5.0,196.0,1014.4,28.2,29.1,23.5,3.3,-1.7,2021-09-04 11:40:00+00:00,81.89688877014017,4.16552597100001
1515,29.212,-88.20700000000001,308.0,4.3,5.2,0.4,6.67,5.11,211.0,1014.8,28.3,29.1,23.6,3.4,-2.6,2021-09-04 12:40:00+00:00,94.34348141243304,4.334727832000004
1521,29.212,-88.20700000000001,317.0,4.5,5.5,0.4,6.25,4.58,222.0,1015.1,28.5,29.2,23.4,3.1,-3.3,2021-09-04 13:40:00+00:00,104.0803353420188,3.978946124999996
1527,29.212,-88.20700000000001,2.0,5.0,5.8,0.41,6.25,4.06,217.0,1015.3,28.2,29.2,24.3,-0.2,-5.0,2021-09-04 14:40:00+00:00,100.59342753661765,6.354065
1533,29.212,-88.20700000000001,90.0,2.4,3.4,0.41,5.56,3.58,210.0,1015.6,27.6,29.2,24.7,-2.4,0.0,2021-09-04 15:40:00+00:00,43.45109256091711,4.727056895999993
1539,29.212,-88.20700000000001,108.0,0.7,1.2,0.46,5.56,3.76,224.0,1015.5,28.0,29.1,24.7,-0.7,0.2,2021-09-04 16:40:00+00:00,16.273353994822934,1.2496838200000013
1545,29.212,-88.20700000000001,46.0,2.3,3.0,0.42,5.56,3.97,219.0,1015.1,28.5,29.2,24.2,-1.7,-1.6,2021-09-04 17:40:00+00:00,45.541339468533835,1.9794520129999973
1551,29.212,-88.20700000000001,43.0,3.8,4.9,0.36,5.56,3.91,212.0,1014.9,28.3,29.3,24.8,-2.6,-2.8,2021-09-04 18:40:00+00:00,70.29850757202712,4.7592712399999995
1557,29.212,-88.20700000000001,38.0,3.4,4.4,0.33,5.56,3.97,229.0,1014.4,28.4,29.4,24.0,-2.1,-2.7,2021-09-04 19:40:00+00:00,73.83680976230822,4.23747236
1563,29.212,-88.20700000000001,35.0,2.1,2.9,0.35,5.26,3.82,126.0,1013.8,28.6,29.6,24.1,-1.2,-1.7,2021-09-04 20:40:00+00:00,46.10084292068158,2.5754633099999995
1569,29.212,-88.20700000000001,46.0,3.3,4.2,0.42,5.0,3.97,81.0,1013.6,28.6,29.4,24.2,-2.4,-2.3,2021-09-04 21:40:00+00:00,69.29772433517078,3.286230551999987
1575,29.212,-88.20700000000001,55.0,3.2,4.0,0.38,5.0,3.92,69.0,1013.5,28.7,29.3,24.1,-2.6,-1.8,2021-09-04 22:40:00+00:00,66.73959599740675,2.387046144000005
1581,29.212,-88.20700000000001,72.0,2.9,3.8,0.32,4.55,3.9,90.0,1013.6,28.7,29.1,23.8,-2.8,-0.9,2021-09-04 23:40:00+00:00,60.59132617737696,1.4368454840000076
1587,29.212,-88.20700000000001,96.0,4.3,5.1,0.3,4.76,3.69,84.0,1013.7,28.3,29.0,23.8,-4.3,0.4,2021-09-05 00:40:00+00:00,89.48061964027413,3.792886852999996
1593,29.212,-88.20700000000001,70.0,2.5,3.0,0.3,4.35,3.69,71.0,1014.4,28.4,28.9,23.2,-2.3,-0.9,2021-09-05 01:40:00+00:00,54.7325630179304,1.5406693750000002
1599,29.212,-88.20700000000001,96.0,4.4,5.6,0.29,4.17,3.71,67.0,1014.7,28.2,28.8,24.6,-4.4,0.5,2021-09-05 02:40:00+00:00,75.05311490714327,3.3306936960000084
1605,29.212,-88.20700000000001,91.0,4.6,5.8,0.31,4.0,3.58,66.0,1014.6,28.3,28.8,23.9,-4.6,0.1,2021-09-05 03:40:00+00:00,90.13882623344622,2.90878378
1611,29.212,-88.20700000000001,110.0,4.3,5.8,0.33,4.35,3.56,75.0,1014.4,28.2,28.8,23.9,-4.0,1.5,2021-09-05 04:40:00+00:00,83.99176888119362,3.251045874000008
1617,29.212,-88.20700000000001,111.0,4.4,5.5,0.38,4.0,3.41,65.0,1014.2,28.1,28.7,24.3,-4.1,1.6,2021-09-05 05:40:00+00:00,77.85849330459656,3.3306936959999884
1623,29.212,-88.20700000000001,130.0,3.7,4.7,0.36,3.33,3.33,73.0,1013.6,28.0,28.7,24.3,-2.8,2.4,2021-09-05 06:40:00+00:00,64.97272666205573,3.2398535329999967
1629,29.212,-88.20700000000001,154.0,2.9,3.9,0.38,5.56,3.49,186.0,1013.3,28.0,28.7,24.2,-1.3,2.6,2021-09-05 07:40:00+00:00,51.45639437115212,2.514479596999997
1635,29.212,-88.20700000000001,149.0,1.7,2.5,0.44,5.26,3.68,105.0,1013.0,27.9,28.8,24.2,-0.9,1.5,2021-09-05 08:40:00+00:00,32.89436008237232,2.014621380000005
1641,29.212,-88.20700000000001,178.0,1.3,1.9,0.45,5.26,3.75,97.0,1013.2,27.7,28.8,24.3,0.0,1.3,2021-09-05 09:40:00+00:00,26.974539854107963,2.0581046200000026
1647,29.212,-88.20700000000001,245.0,0.6,1.4,0.42,5.26,3.84,103.0,1013.4,27.7,28.7,24.2,0.5,0.3,2021-09-05 10:40:00+00:00,14.222436270390869,0.9921527999999998
1653,29.212,-88.20700000000001,277.0,1.7,2.4,0.39,5.26,3.84,114.0,1013.9,27.8,28.7,23.6,1.7,-0.2,2021-09-05 11:40:00+00:00,35.78811554974426,2.014621379999997
1659,29.212,-88.20700000000001,309.0,2.2,2.8,0.39,5.56,4.03,100.0,1014.4,28.0,28.7,24.1,1.7,-1.4,2021-09-05 12:40:00+00:00,39.41436145431612,1.8910309879999978
1665,29.212,-88.20700000000001,343.0,2.4,2.9,0.4,5.26,4.07,106.0,1014.7,28.0,28.6,24.0,0.7,-2.3,2021-09-05 13:40:00+00:00,42.85480105229383,1.7726463360000035
1671,29.212,-88.20700000000001,331.0,1.7,2.6,0.39,5.56,4.03,107.0,1015.1,28.2,28.7,23.7,0.8,-1.5,2021-09-05 14:40:00+00:00,35.09982579150001,1.1192341
1677,29.212,-88.20700000000001,14.0,1.5,2.4,0.39,5.56,4.03,104.0,1015.6,28.4,28.7,24.0,-0.4,-1.5,2021-09-05 15:40:00+00:00,30.666114241119985,0.6200955000000015
1683,29.212,-88.20700000000001,6.0,1.7,2.4,0.37,5.0,4.0,107.0,1015.5,28.5,29.0,23.4,-0.2,-1.7,2021-09-05 16:40:00+00:00,39.324386899073204,1.1192341
1689,29.212,-88.20700000000001,25.0,1.6,2.3,0.36,5.0,4.08,114.0,1015.0,28.8,29.1,23.3,-0.7,-1.5,2021-09-05 17:40:00+00:00,39.2379958396271,0.6467366400000015
1695,29.212,-88.20700000000001,69.0,3.1,4.4,0.36,5.26,4.14,96.0,1014.4,28.4,29.4,24.1,-2.9,-1.1,2021-09-05 18:40:00+00:00,65.99782212795606,3.8493385099999995
1701,29.212,-88.20700000000001,70.0,3.0,3.9,0.33,5.0,4.15,105.0,1014.0,28.5,29.4,23.8,-2.8,-1.0,2021-09-05 19:40:00+00:00,66.90578201520104,3.3485156999999943
1707,29.212,-88.20700000000001,75.0,2.3,3.6,0.34,5.0,4.25,99.0,1013.6,28.6,29.4,23.6,-2.2,-0.6,2021-09-05 20:40:00+00:00,52.41385748343526,2.262230871999991
1713,29.212,-88.20700000000001,59.0,1.4,2.2,0.33,5.26,4.25,103.0,1013.3,28.8,29.7,23.4,-1.2,-0.7,2021-09-05 21:40:00+00:00,39.8532874721799,1.7748511199999968
1719,29.212,-88.20700000000001,108.0,2.3,3.0,0.33,5.0,4.21,104.0,1012.8,28.8,30.2,23.6,-2.2,0.7,2021-09-05 22:40:00+00:00,61.087306470671045,3.9589040259999946
1725,29.212,-88.20700000000001,121.0,2.7,3.6,0.31,5.0,4.16,102.0,1012.7,28.6,29.7,23.9,-2.3,1.4,2021-09-05 23:40:00+00:00,62.911978162077176,3.6697251689999932
